date,title,content,heart,interest,view,price,temperature,seller,sold,image,region,url
2025-11-16,스탠리퀜처h2.0플로우스테이트텀블러887ml로즈쿼츠,"미개봉 새상품입니다~
색상은 로즈쿼츠 있어요!

구매하실 분 연락주세요.

직거래만가능
북가좌동 직거래 가능
교환 및 환불x",0,4,163,39000,37.5,야아웅,판매중,2,서울시 서대문구 북가좌제2동,https://www.daangn.com/kr/buy-sell/%EC%8A%A4%ED%83%A0%EB%A6%AC-%ED%80%9C%EC%B2%98-h2-0-%ED%94%8C%EB%A1%9C%EC%9A%B0%EC%8A%A4%ED%85%8C%EC%9D%B4%ED%8A%B8-%ED%85%80%EB%B8%94%EB%9F%AC-887ml-%EB%A1%9C%EC%A6%88%EC%BF%BC%EC%B8%A0-hprgad9tdxbf/
2026-02-26,스탠리퀜처텀블러887ml로즈쿼츠,"스탠리 퀜처 텀블러 로즈쿼츠 색상입니다!
선물받았지만, 커피도 물도 많이 안 마시는 저에겐 정말 큰 사이즈라....저 대신 필요하신 분이 사용하시는 게 나을 것 같습니다~

세척 후 물 마시는 용도로 한 두번 사용했습니다!
정품이고, 카카오톡 선물받기로 구매한 제품입니다

- 887ml 용량으로 넉넉하게 사용 가능하구요
- 뛰어난 보온/보냉 기능으로 음료를 오랫동안 시원하거나 따뜻하게 유지해 줍니다
- 손잡이가 있어서 휴대하기 편리합니다

(박스는 버렸고, 본품만 있습니다:))",8,31,366,30000,37.5,캐럿요정,판매완료,2,충남 천안시 서북구 부성1동,https://www.daangn.com/kr/buy-sell/%EC%8A%A4%ED%83%A0%EB%A6%AC-%ED%80%9C%EC%B2%98-%ED%85%80%EB%B8%94%EB%9F%AC-887ml-%EB%A1%9C%EC%A6%88%EC%BF%BC%EC%B8%A0-i2afarfu7msu/
2025-08-24,"스탠리텀블러새상품(887ml,로즈쿼츠)","스탠리 퀜처 텀블러 새상품입니다.
887ml, 로즈쿼츠 2.0 색상

색상 확인하기위해 잠깐 꺼냈고
유산지에 싸인 그대로 박스까지 있어요~",3,27,600,40000,44.7,소나무,판매완료,3,경기 수원시 장안구 정자동,https://www.daangn.com/kr/buy-sell/%EC%8A%A4%ED%83%A0%EB%A6%AC-%ED%85%80%EB%B8%94%EB%9F%AC-%EC%83%88%EC%83%81%ED%92%88-887ml-%EB%A1%9C%EC%A6%88%EC%BF%BC%EC%B8%A0-uctjm76hdd4r/
2025-01-05,스탠리퀜처로즈쿼츠591m텀블러(새상품),"▪️정가: 39,000원
▪️인터넷 최저가: 36,270원

이미 가지고 있는 텀블러를 선물받아 저렴한 가격에 올립니다. 사진에서 보시듯 박스와 종이백 다 있어요.

자이 렉스비아 직거래나 문고리거래 가능하고, 배송비 지불하시면 택배거래도 가능합니다!",1,3,139,29000,41.7,미니멀라이프,판매완료,4,경기 수원시 장안구 정자동,https://www.daangn.com/kr/buy-sell/%EC%8A%A4%ED%83%A0%EB%A6%AC-%ED%80%9C%EC%B2%98-%EB%A1%9C%EC%A6%88%EC%BF%BC%EC%B8%A0-591m-%ED%85%80%EB%B8%94%EB%9F%AC-%EC%83%88%EC%83%81%ED%92%88-r89334sq36vj/
2026-01-20,스탠리퀜처h2.0텀블러591ml로즈쿼츠,"스탠리 퀜처 H2.0 플로우스테이트 텀블러, 로즈쿼츠 색상 591ml 새상품입니다

색깔예뻐용 선물용 하세요",2,5,98,30000,36.7,친절한국인,판매중,3,대전 유성구 전민동,https://www.daangn.com/kr/buy-sell/%EC%8A%A4%ED%83%A0%EB%A6%AC-%ED%80%9C%EC%B2%98-h2-0-%ED%85%80%EB%B8%94%EB%9F%AC-591ml-%EB%A1%9C%EC%A6%88%EC%BF%BC%EC%B8%A0-7iu7i3h2uwt3/
2026-03-31,"스탠리퀜처h2.0플로우스테이트텀블러,로즈쿼츠2.0,1.18l,1개","스탠리 퀜처 H2.0 플로우스테이트 텀블러, 로즈쿼츠 2.0, 1.18L, 1개

미사용 새제품입니다.

✨ 택배 원하실 시엔
반값 택배 + 3,000원
일반 택배 + 5,000원

✨개인 간 거래이므로 교환/환불 어렵습니다.",2,6,54,38000,47.2,자두자두졸려,판매완료,6,대전 유성구 전민동,https://www.daangn.com/kr/buy-sell/%EC%8A%A4%ED%83%A0%EB%A6%AC-%ED%80%9C%EC%B2%98-h2-0-%ED%94%8C%EB%A1%9C%EC%9A%B0%EC%8A%A4%ED%85%8C%EC%9D%B4%ED%8A%B8-%ED%85%80%EB%B8%94%EB%9F%AC-%EB%A1%9C%EC%A6%88%EC%BF%BC%EC%B8%A0-2-0-1-18l-1%EA%B0%9C-g2or8hird8mc/
2024-07-25,스탠리텀블러퀜처1.18l(로즈쿼츠)새상품,"스탠리 퀜처 플로우 스테이트 텀블러, 로즈쿼츠 1.18L
미개봉 새상품입니다.
",2,6,389,45000,39.8,이노,판매완료,3,대구 달성군 화원읍,https://www.daangn.com/kr/buy-sell/%EC%8A%A4%ED%83%A0%EB%A6%AC-%ED%85%80%EB%B8%94%EB%9F%AC-%ED%80%9C%EC%B2%98-1-18l-%EB%A1%9C%EC%A6%88%EC%BF%BC%EC%B8%A0-%EC%83%88%EC%83%81%ED%92%88-ji32boz8cvje/
2025-09-16,"스탠리퀜처텀블러스트랩백1.18l,로즈쿼츠(텀블러미포함,스트랩백줄만판매입니다!!)","스탠리 퀜처 1.18L 텀블러용 캐리올 스트랩 백입니다
색상은 로즈쿼츠이고, 새 상품이에요

텀블러 미포함!!!!!! 입니다
스트랩 백 (텀블러 줄, 텀블러 가방)만 입니다! 

평일은 월화수목금 9:00 ~ 18:00
인계동 중앙병원쪽 직거래 가능 합니다

평일 19:00이후 가능 및 주말은 당수동 LH1단지 가능 합니다.",0,6,469,32000,38.5,탱구리탱구당,판매중,4,경기 수원시 권선구 권선1동,https://www.daangn.com/kr/buy-sell/%EC%8A%A4%ED%83%A0%EB%A6%AC-%ED%80%9C%EC%B2%98-%ED%85%80%EB%B8%94%EB%9F%AC-%EC%8A%A4%ED%8A%B8%EB%9E%A9%EB%B0%B1-1-18l-%EB%A1%9C%EC%A6%88%EC%BF%BC%EC%B8%A0-%ED%85%80%EB%B8%94%EB%9F%AC%EB%AF%B8%ED%8F%AC%ED%95%A8-%EC%8A%A4%ED%8A%B8%EB%9E%A9%EB%B0%B1-%EC%A4%84%EB%A7%8C-%ED%8C%90%EB%A7%A4-%EC%9E%85%EB%8B%88%EB%8B%A4-qg9ujjif3dv9/
2025-06-02,스탠리퀜처887ml로즈쿼츠(새제품),"- 미사용 새제품
- 박스 미포함
- 택배 거래 시, +4000",5,4,185,25000,53.2,젤라마,판매완료,6,경기 수원시 권선구 권선1동,https://www.daangn.com/kr/buy-sell/%EC%8A%A4%ED%83%A0%EB%A6%AC-%ED%80%9C%EC%B2%98-887ml-%EB%A1%9C%EC%A6%88%EC%BF%BC%EC%B8%A0-%EC%83%88%EC%A0%9C%ED%92%88-bonwzh2on8m3/
2025-12-25,새상품)스탠리퀜처프로투어플립스트로텀블러887ml-로즈쿼츠,"선물 받았는데 원래 쓰던게 있어서 팔아요!
텀블러 안에 설명서까지 들어있는 완전 새상품 이구요
색상은 로즈쿼츠, 887ml 입니다!",2,17,272,40000,37.7,춘식이,판매중,5,인천 연수구 옥련2동,https://www.daangn.com/kr/buy-sell/%EC%83%88%EC%83%81%ED%92%88-%EC%8A%A4%ED%83%A0%EB%A6%AC-%ED%80%9C%EC%B2%98-%ED%94%84%EB%A1%9C%ED%88%AC%EC%96%B4-%ED%94%8C%EB%A6%BD%EC%8A%A4%ED%8A%B8%EB%A1%9C-%ED%85%80%EB%B8%94%EB%9F%AC-887ml-%EB%A1%9C%EC%A6%88%EC%BF%BC%EC%B8%A0-epnn6t2fsxt6/
2026-06-04,[새상품]스탠리퀜처h2.0텀블러로즈쿼츠887ml,"새상품입니다
1개 3만
2개 59천

스탠리 퀜처 H2.0 텀블러 로즈쿼츠 색상이에요
887ml 용량으로 넉넉하게 사용할 수 있어요
냉온 40시간 유지되는 보온보냉 기능이 뛰어나요
매일 사용하기 좋은 텀블러를 찾으시는 분들께 추천드려요",0,9,79,30000,38.0,써니맘,판매중,2,서울시 강동구 둔촌동,https://www.daangn.com/kr/buy-sell/%EC%83%88%EC%83%81%ED%92%88-%EC%8A%A4%ED%83%A0%EB%A6%AC-%ED%80%9C%EC%B2%98-h2-0-%ED%85%80%EB%B8%94%EB%9F%AC-%EB%A1%9C%EC%A6%88%EC%BF%BC%EC%B8%A0-887ml-u5yaxk2k81g4/
2026-06-03,[새상품]스탠리퀜처h2.0텀블러로즈쿼츠887ml,"새상품입니다.
1개 3만원
2개 5만9천원

스탠리 퀜처 H2.0 텀블러 로즈쿼츠 색상이에요
30온스(887ml) 용량으로 넉넉하게 사용할 수 있어요
차가운 음료는 40시간, 뜨거운 음료는 5시간 보온/보냉이 가능하답니다
데일리로 사용하기 좋은 매력적인 텀블러를 찾으시는 분들께 추천드려요",1,7,107,30000,38.0,써니맘,판매완료,2,서울시 강동구 둔촌동,https://www.daangn.com/kr/buy-sell/%EC%83%88%EC%83%81%ED%92%88-%EC%8A%A4%ED%83%A0%EB%A6%AC-%ED%80%9C%EC%B2%98-h2-0-%ED%85%80%EB%B8%94%EB%9F%AC-%EB%A1%9C%EC%A6%88%EC%BF%BC%EC%B8%A0-887ml-vy91iwutdcib/
2026-05-30,[새상품]스탠리퀜처h2.0텀블러로즈쿼츠887ml,"새상품입니다.
스탠리 퀜처 H2.0 텀블러 로즈쿼츠 색상이에요
887ml 용량으로 넉넉하게 사용할 수 있어요
차가운 음료는 9시간, 뜨거운 음료는 5시간 보온/보냉이 가능해요
데일리로 사용하기 좋은 매력적인 텀블러랍니다.

1개 구매시 : 30,000원
2개 구매시 : 59,000원",5,12,263,30000,38.0,써니맘,판매완료,4,서울시 강동구 둔촌동,https://www.daangn.com/kr/buy-sell/%EC%83%88%EC%83%81%ED%92%88-%EC%8A%A4%ED%83%A0%EB%A6%AC-%ED%80%9C%EC%B2%98-h2-0-%ED%85%80%EB%B8%94%EB%9F%AC-%EB%A1%9C%EC%A6%88%EC%BF%BC%EC%B8%A0-887ml-wya6hwporjqc/
2026-05-20,[새상품]스탠리퀜처h2.0텀블러로즈쿼츠887ml,"스탠리 퀜처 H2.0 플로우스테이트 텀블러 30oz (887ml) 새상품이에요
차가운 음료는 9시간, 뜨거운 음료는 5시간 보온/보냉이 가능해요
깔끔한 디자인으로 어디서든 사용하기 좋아요
일상에서 시원함과 따뜻함을 오래 유지하고 싶은 분들께 추천드려요.

새상품이라 선물하시기에 좋은 텀블러 입니다.
* 1개 구매시 30,000원
* 2개 구매시 58,000원",2,7,250,30000,38.0,써니맘,판매완료,3,서울시 강동구 둔촌동,https://www.daangn.com/kr/buy-sell/%EC%83%88%EC%83%81%ED%92%88-%EC%8A%A4%ED%83%A0%EB%A6%AC-%ED%80%9C%EC%B2%98-h2-0-%ED%85%80%EB%B8%94%EB%9F%AC-%EB%A1%9C%EC%A6%88%EC%BF%BC%EC%B8%A0-887ml-j9o9p2cz266g/
2025-12-31,(새제품)스탠리퀜처h2.0텀블러591ml로즈쿼츠새제품,"스탠리 퀜처 H2.0 텀블러 591ml 로즈쿼츠 색상 새 제품입니다

사진 찍기 위해 꺼내기만 했습니다",0,2,65,25000,49.3,계피땅콩,판매완료,2,서울시 강동구 둔촌동,https://www.daangn.com/kr/buy-sell/%EC%83%88%EC%A0%9C%ED%92%88-%EC%8A%A4%ED%83%A0%EB%A6%AC-%ED%80%9C%EC%B2%98-h2-0-%ED%85%80%EB%B8%94%EB%9F%AC-591ml-%EB%A1%9C%EC%A6%88%EC%BF%BC%EC%B8%A0-%EC%83%88%EC%A0%9C%ED%92%88-4h5spx5sb4kv/
2025-12-21,스탠리퀜처h2.0로즈쿼츠텀블러새제품,"스탠리 퀜처 H2.0 플로우스테이트 텀블러입니다
- 색상: 로즈쿼츠 2.0
- 용량:591ml
새제품이며 박스도 함께 드립니다. 
다만 박스가 개봉 하면서 입구가 조금 찢어지긴 했는데 닫는데는 이상 없습니다",1,7,85,30000,80.3,센메리,판매완료,9,서울시 강동구 둔촌동,https://www.daangn.com/kr/buy-sell/%EC%8A%A4%ED%83%A0%EB%A6%AC-%ED%80%9C%EC%B2%98-h2-0-%EB%A1%9C%EC%A6%88%EC%BF%BC%EC%B8%A0-%ED%85%80%EB%B8%94%EB%9F%AC-%EC%83%88%EC%A0%9C%ED%92%88-66h1cgxufjof/
2025-10-07,스탠리퀜처프로투어텀블러887ml로즈쿼츠,"미개봉 새상품 스탠리 퀜처 프로투어 텀블러 887ml 로즈쿼츠 색상입니다
선물 받았는데 이미 사용중인 스탠리 텀블러가 있어서 판매합니다!
현재 쿠팡에서 키드 혜택 제외하면 49000원에 판매중이네요~!!",1,13,152,40000,37.1,둔촌주민,판매완료,2,서울시 강동구 둔촌동,https://www.daangn.com/kr/buy-sell/%EC%8A%A4%ED%83%A0%EB%A6%AC-%ED%80%9C%EC%B2%98-%ED%94%84%EB%A1%9C%ED%88%AC%EC%96%B4-%ED%85%80%EB%B8%94%EB%9F%AC-887ml-%EB%A1%9C%EC%A6%88%EC%BF%BC%EC%B8%A0-vzv5bg6pwh4p/
2025-09-19,정품스탠리퀜처텀블러887ml로즈쿼츠팝니다,"정품 스탠리 퀜처 H2.0 플로우스테이트 텀블러 팝니다

색상은 은은한 핑크색이며, 용량은 887ml입니다

주로 물만 담아 마셔서 깨끗힙니다

빨대는 미사용했습니다

택배시 5천원추가됩니다

깨끗하나 그래도 사용했던 제품임을 감안하시고 연락주세요

반품은 불가하니 신중히 생각하시고 연락부탁드립니다",0,14,271,24000,50.7,사랑스런그녀,판매완료,5,서울시 강동구 둔촌동,https://www.daangn.com/kr/buy-sell/%EC%A0%95%ED%92%88-%EC%8A%A4%ED%83%A0%EB%A6%AC-%ED%80%9C%EC%B2%98-%ED%85%80%EB%B8%94%EB%9F%AC-887ml-%EB%A1%9C%EC%A6%88%EC%BF%BC%EC%B8%A0-%ED%8C%9D%EB%8B%88%EB%8B%A4-2pes9r8b3auh/
2024-08-10,새제품)스탠리퀜처887ml텀블러(로즈쿼츠),"선물받은제품입니다. (새상품,로즈 쿼츠 색상)
꺼내지도 않았어요. 박스손상×

일정 맞으면 직거래가능하나 
일정 안맞으면 문고리거래 가능합니다.
둔촌현대4차아파트입니다.

네고 문의 정중히 사양합니다.
감사합니다.",1,1,220,40000,55.8,링링아빠,판매완료,6,서울시 강동구 둔촌동,https://www.daangn.com/kr/buy-sell/%EC%83%88%EC%A0%9C%ED%92%88-%EC%8A%A4%ED%83%A0%EB%A6%AC-%ED%80%9C%EC%B2%98-887ml-%ED%85%80%EB%B8%94%EB%9F%AC-%EB%A1%9C%EC%A6%88%EC%BF%BC%EC%B8%A0-e6dr6hdkus52/
2026-04-01,스탠리퀜처h2.0텀블러591ml로즈쿼츠미개봉새상품,"스탠리 퀜처 H2.0 플로우 스테이트 텀블러 591ml 로즈쿼츠 2.0 제품이에요
PP, PCT, 고무 소재로 만들어졌고, 스테인리스 스틸 재질이에요
8시간 보냉, 30시간 냉온 보관이 가능해요

택배비 별도
역삼역 강남역 신논현역 직거래",1,4,61,27000,50.9,망곰,판매완료,2,서울시 서초구 서초4동,https://www.daangn.com/kr/buy-sell/%EC%8A%A4%ED%83%A0%EB%A6%AC-%ED%80%9C%EC%B2%98-h2-0-%ED%85%80%EB%B8%94%EB%9F%AC-591ml-%EB%A1%9C%EC%A6%88%EC%BF%BC%EC%B8%A0-%EB%AF%B8%EA%B0%9C%EB%B4%89-%EC%83%88%EC%83%81%ED%92%88-ybwxhpxysio2/
2026-01-15,[미개봉]스탠리퀜처h2.0텀블러887ml로즈쿼츠새상품,"스탠리 퀜처 H2.0 텀블러 887ml 새상품입니다

- 색상: 로즈 쿼츠
- 9시간 보온, 40시간 보냉이 가능합니다
- 재사용 가능한 빨대가 포함되어 있습니다
- BPA FREE 제품입니다",2,5,112,34000,38.1,캘리포니아,판매완료,8,서울시 서초구 서초4동,https://www.daangn.com/kr/buy-sell/%EB%AF%B8%EA%B0%9C%EB%B4%89-%EC%8A%A4%ED%83%A0%EB%A6%AC-%ED%80%9C%EC%B2%98-h2-0-%ED%85%80%EB%B8%94%EB%9F%AC-887ml-%EB%A1%9C%EC%A6%88%EC%BF%BC%EC%B8%A0-%EC%83%88%EC%83%81%ED%92%88-pckpdx8fd88u/
2026-06-03,스탠리퀜처h2.0텀블러591ml로즈쿼츠,"스탠리 퀜처 H2.0 플로우 스테이트 텀블러 591ml 로즈쿼츠 색상이에요
박스구성품 그대로 새 제품입니다
차량용, 이동용으로 사이즈 좋아요",1,2,40,33000,45.8,단풍나무,판매중,2,경남 진주시 충무공동,https://www.daangn.com/kr/buy-sell/%EC%8A%A4%ED%83%A0%EB%A6%AC-%ED%80%9C%EC%B2%98-h2-0-%ED%85%80%EB%B8%94%EB%9F%AC-591ml-%EB%A1%9C%EC%A6%88%EC%BF%BC%EC%B8%A0-9nhhzd6kyc1n/
2026-04-20,스탠리퀜처h2.0텀블러887ml로즈쿼츠와트라일라잇,"스탠리 퀜처 H2.0 텀블러 887ml 로즈쿼츠와 트라일라잇 색상이에요
박스 포함 새상품이고 개당 가격입니다.
FlowState™ 3-position lid로 편리하게 사용 가능해요
시원한 음료를 오래 즐기고 싶으신 분들께 추천드려요",2,17,241,30000,37.6,더글라스,판매완료,5,경남 진주시 충무공동,https://www.daangn.com/kr/buy-sell/%EC%8A%A4%ED%83%A0%EB%A6%AC-%ED%80%9C%EC%B2%98-h2-0-%ED%85%80%EB%B8%94%EB%9F%AC-887ml-%EB%A1%9C%EC%A6%88%EC%BF%BC%EC%B8%A0%EC%99%80-%ED%8A%B8%EB%9D%BC%EC%9D%BC%EB%9D%BC%EC%9E%87-rg6z9stnpyaa/
2025-07-24,스탠리퀜처h2.0플로우스테이트텀블러887ml로즈쿼츠,"스탠리 퀜처 H2.0 플로우스테이트 텀블러 887ml 로즈쿼츠 색상이에요. 
빨대는 세척 후 한번도 안썼고, 텀블러는 하루에 물 2리터씩 마시려고 쿠팡으로 1월에 구매 했는데 손목에 너무 무리가 가서 무거워 못쓰겠어요ㅠ ㅠ
그래서 텀블러 실사용은 2-3회 정도 밖에 안돼요.. 세척할때 연마제 제거 다 했습니다. 놔두기만 했는데 지금보니 생활기스가 조금 있네요. 사진으로 확인 해 주세요..",1,5,224,25000,37.4,별빛보름달,판매완료,5,경남 진주시 충무공동,https://www.daangn.com/kr/buy-sell/%EC%8A%A4%ED%83%A0%EB%A6%AC-%ED%80%9C%EC%B2%98-h2-0-%ED%94%8C%EB%A1%9C%EC%9A%B0%EC%8A%A4%ED%85%8C%EC%9D%B4%ED%8A%B8-%ED%85%80%EB%B8%94%EB%9F%AC-887ml-%EB%A1%9C%EC%A6%88%EC%BF%BC%EC%B8%A0-5b5xy462hs6c/
2026-01-12,스탠리퀜처h2.0텀블러로즈쿼츠새상품,"스탠리 퀜처 H2.0 플로우스테이트 텀블러 로즈쿼츠 색상입니다
새 제품이며, 1.18L 용량입니다
- 뛰어난 보온/보냉 효과로 음료를 오랫동안 시원하거나 따뜻하게 유지할 수 있습니다
- 손잡이가 있어 휴대하기 편리합니다


스텐리  정품입니다!!",5,13,249,35000,44.8,베리굿,판매완료,3,경기 화성시 동탄구 동탄5동,https://www.daangn.com/kr/buy-sell/%EC%8A%A4%ED%83%A0%EB%A6%AC-%ED%80%9C%EC%B2%98-h2-0-%ED%85%80%EB%B8%94%EB%9F%AC-%EB%A1%9C%EC%A6%88%EC%BF%BC%EC%B8%A0-%EC%83%88%EC%83%81%ED%92%88-ntbqdm3r1fyw/
2026-05-07,스탠리퀜처텀블러887ml로즈쿼츠,"스탠리 퀜처 H2.0 플로우 스테이트 텀블러 887ml, 로즈쿼츠
구입시기 2026. 01. 11
실사용 10회 미만
빨대는 없습니다.

",1,11,499,25000,48.7,msshin,판매중,4,충북 증평군 증평읍,https://www.daangn.com/kr/buy-sell/%EC%8A%A4%ED%83%A0%EB%A6%AC-%ED%80%9C%EC%B2%98-%ED%85%80%EB%B8%94%EB%9F%AC-887ml-%EB%A1%9C%EC%A6%88%EC%BF%BC%EC%B8%A0-ba1rnhheyzki/
2025-09-22,스탠리퀜처텀블러로즈쿼츠887ml,"스탠리 퀜처 H2.0 플로우 스테이트 텀블러 887ml 로즈쿼츠
새상품입니다!
똑같은 색상을 선물받아서 팔아요 ㅠ ㅠ
크림색 교환도 받습니다!!

✔ 직거래 / 문고리 거래 희망합니다!
✔ 중고거래 특성 상 교환환불 불가",3,6,85,42000,42.5,달고나,판매완료,3,경기 성남시 분당구 구미1동,https://www.daangn.com/kr/buy-sell/%EC%8A%A4%ED%83%A0%EB%A6%AC-%ED%80%9C%EC%B2%98-%ED%85%80%EB%B8%94%EB%9F%AC-%EB%A1%9C%EC%A6%88%EC%BF%BC%EC%B8%A0-887ml-w3z9eh9143kc/
2026-04-28,스탠리퀜처h2.0텀블러로즈쿼츠1.18ml,"스탠리 퀜처 H2.0 텀블러 로즈쿼츠 색상이에요
1.18ml 대용량으로 시원하게 오래 즐길 수 있어요
얼음도 잘 안 녹고 보온 보냉 효과가 뛰어나서 사계절 내내 사용하기 좋아요

용량이 커서 사용 한번도 안했어요ㅠㅠ

쿠폰있으면 최저가 57000원이에요
저는 37000원에 드려요
",4,13,141,35000,41.6,세이디,판매완료,5,경기 남양주시 평내동,https://www.daangn.com/kr/buy-sell/%EC%8A%A4%ED%83%A0%EB%A6%AC-%ED%80%9C%EC%B2%98-h2-0-%ED%85%80%EB%B8%94%EB%9F%AC-%EB%A1%9C%EC%A6%88%EC%BF%BC%EC%B8%A0-1-18ml-tk85p48v8u2p/
2026-02-06,스탠리퀜처h2.0텀블러로즈쿼츠1.18l대용량40oz미개봉새상품,"스탠리 퀜처 H2.0 텀블러 로즈쿼츠 색상입니다
https://link.coupang.com/a/dHqYRk

반택가능 택미포 
비대면 문고리거래

- 1.18L 넉넉한 용량으로 오랫동안 시원하게 즐길 수 있어요
- 트라이탄 소재 뚜껑으로 안전하고 위생적입니다
- 뛰어난 보온/보냉 효과로 음료의 온도를 오래 유지해줘요
- 손잡이가 있어 휴대하기 편리합니다",2,16,201,35000,44.0,챱츄,판매완료,2,경남 양산시 동면,https://www.daangn.com/kr/buy-sell/%EC%8A%A4%ED%83%A0%EB%A6%AC-%ED%80%9C%EC%B2%98-h2-0-%ED%85%80%EB%B8%94%EB%9F%AC-%EB%A1%9C%EC%A6%88%EC%BF%BC%EC%B8%A0-1-18l-%EB%8C%80%EC%9A%A9%EB%9F%89-40oz-%EB%AF%B8%EA%B0%9C%EB%B4%89-%EC%83%88%EC%83%81%ED%92%88-d9xvnsiurefr/
2026-02-07,스탠리퀜처h2.0텀블러로즈쿼츠1.18l새상품,"반택가능 택미포

스탠리 퀜처 H2.0 텀블러 로즈쿼츠 색상입니다

- 1.18L 넉넉한 용량으로 오랫동안 시원하게 즐길 수 있어요
- 트라이탄 소재 뚜껑으로 안전하고 위생적입니다
- 뛰어난 보온/보냉 효과로 음료의 온도를 오래 유지해줘요
- 손잡이가 있어 휴대하기 편리합니다",2,9,119,35000,39.1,탕수육킬러,판매완료,2,경남 양산시 동면,https://www.daangn.com/kr/buy-sell/%EC%8A%A4%ED%83%A0%EB%A6%AC-%ED%80%9C%EC%B2%98-h2-0-%ED%85%80%EB%B8%94%EB%9F%AC-%EB%A1%9C%EC%A6%88%EC%BF%BC%EC%B8%A0-1-18l-%EC%83%88%EC%83%81%ED%92%88-uxp1et79i3py/
2025-02-23,스탠리퀜처h2.0887ml로즈쿼츠2.0,"새상품 입니다.
색상 확인하고 사진찍을려고 꺼냈어요.
사용x
박스에 다시 넣어뒀습니다

네고 x 정품 ㅇㅇ

가지러 오셔야하고 비대면거래 하겠습니다.",3,2,255,40000,51.2,다람쥐,판매완료,3,경남 양산시 동면,https://www.daangn.com/kr/buy-sell/%EC%8A%A4%ED%83%A0%EB%A6%AC-%ED%80%9C%EC%B2%98-h2-0-887ml-%EB%A1%9C%EC%A6%88%EC%BF%BC%EC%B8%A02-0-q4djau5yb6kr/
2025-06-11,스탠리퀜처프로투어플립스트로텀블러887ml로즈쿼츠,"스탠리 퀜처 프로투어 플립 스트로 텀블러 887ml 
로즈쿼츠 색상이에요
몇번 사용했는데 저한텐 좀 커서 작은거로 바꾸려고요
물세지 않는 신형빨대에요~~
박스 없고
착불로 택배가능요",1,3,100,35000,40.8,마카롱,판매완료,4,경기 부천시 소사구 옥길동,https://www.daangn.com/kr/buy-sell/%EC%8A%A4%ED%83%A0%EB%A6%AC-%ED%80%9C%EC%B2%98-%ED%94%84%EB%A1%9C%ED%88%AC%EC%96%B4-%ED%94%8C%EB%A6%BD-%EC%8A%A4%ED%8A%B8%EB%A1%9C-%ED%85%80%EB%B8%94%EB%9F%AC-887ml-%EB%A1%9C%EC%A6%88%EC%BF%BC%EC%B8%A0-pzjb3pwa7wff/
2025-04-07,스텐리퀜처텀블러1.18l새상품(로즈쿼츠),"미사용 새제품 입니다.
문의주세요  :)",0,1,80,41000,50.8,하마,판매완료,1,경기 부천시 소사구 옥길동,https://www.daangn.com/kr/buy-sell/%EC%8A%A4%ED%85%90%EB%A6%AC-%ED%80%9C%EC%B2%98-%ED%85%80%EB%B8%94%EB%9F%AC-1-18l-%EC%83%88%EC%83%81%ED%92%88-%EB%A1%9C%EC%A6%88%EC%BF%BC%EC%B8%A0-enxiaxw7jvc8/
2025-07-10,스탠리퀜처프로투어플립스트로텀블러로즈쿼츠887ml,"원래 591 두개있다가 큰거 쓰고싶어서 샀는데
막상 써보니 저한텐 너무 커서 판매합니다 !

2,3번 정도 사용했고 빨대솔로 안에 깨끗히 세척 해뒀습니다 :)",2,1,136,37000,44.1,하이헬로,판매완료,4,서울시 송파구 삼전동,https://www.daangn.com/kr/buy-sell/%EC%8A%A4%ED%83%A0%EB%A6%AC-%ED%80%9C%EC%B2%98-%ED%94%84%EB%A1%9C%ED%88%AC%EC%96%B4-%ED%94%8C%EB%A6%BD-%EC%8A%A4%ED%8A%B8%EB%A1%9C-%ED%85%80%EB%B8%94%EB%9F%AC-%EB%A1%9C%EC%A6%88%EC%BF%BC%EC%B8%A0-887ml-tubystw18gpa/
2025-06-29,스탠리텀블러퀜처h2.0887ml로즈쿼츠미개봉새상품,"카톡 선물받은 스탠리 텀블러 퀜처 H2.0 887ml 미개봉 새상품 팝니다. 로즈쿼츠 색상이구 연한 딸기우유 색상입니다~


반값택배 +2천원
장지동 아파트 근처 문고리 거래 or 직거래 가능",0,1,112,35000,53.1,쁌쁌,판매완료,2,서울시 송파구 삼전동,https://www.daangn.com/kr/buy-sell/%EC%8A%A4%ED%83%A0%EB%A6%AC-%ED%85%80%EB%B8%94%EB%9F%AC-%ED%80%9C%EC%B2%98-h2-0-887ml-%EB%A1%9C%EC%A6%88%EC%BF%BC%EC%B8%A0-%EB%AF%B8%EA%B0%9C%EB%B4%89-%EC%83%88%EC%83%81%ED%92%88-b8bxdb9hycgq/
2026-05-08,(새상품)스탠리로즈쿼츠887ml텀블러,"스탠리 퀜처 H2.0 플로우우스테이트 텀블러 로즈쿼츠 색상이에요
887ml 용량으로 넉넉하게 사용할 수 있어요
박스와 구성품 모두 포함되어 있어요
시원한 음료, 따뜻한 음료 모두 담기 좋은 텀블러랍니다",2,16,382,33000,60.1,잘쓰다가팝니다아아,판매완료,5,경기 평택시 신장1동,https://www.daangn.com/kr/buy-sell/%EC%83%88%EC%83%81%ED%92%88-%EC%8A%A4%ED%83%A0%EB%A6%AC-%EB%A1%9C%EC%A6%88%EC%BF%BC%EC%B8%A0-887ml-%ED%85%80%EB%B8%94%EB%9F%AC-64oiukmgovwp/
2025-08-29,(미개봉)스탠리퀜처h2.0텀블러로즈쿼츠,"스탠리 퀜처 H2.0 FlowState 텀블러 887ml 새 상품입니다! 미개봉 새제품 이예요
색상은 로즈 쿼츠 2.0이에요

- 스테인리스 스틸 재질
- 887ml 용량
- 빨대 포함
- 박스 포함


미개봉 새제품이여서 40,000원에 판매합니다",1,3,40,40000,37.5,붕붕,판매완료,5,경남 진주시 이현동,https://www.daangn.com/kr/buy-sell/%EB%AF%B8%EA%B0%9C%EB%B4%89-%EC%8A%A4%ED%83%A0%EB%A6%AC-%ED%80%9C%EC%B2%98-h2-0-%ED%85%80%EB%B8%94%EB%9F%AC-%EB%A1%9C%EC%A6%88%EC%BF%BC%EC%B8%A0-yun9gd4kkdo9/
2026-05-11,🤍스탠리퀜처텀블러887ml로즈쿼츠🤍,"스탠리 퀜처 텀블러 887ml 로즈쿼츠 색상이에요
박스와 구성품 모두 포함되어 있어요
사진에서 보이는 것처럼 깔끔한 새상품입니다
시원한 음료를 오래 즐기고 싶으신 분들께 추천드려요",3,23,266,30000,37.0,호호,판매완료,1,서울시 관악구 신림동,https://www.daangn.com/kr/buy-sell/%EC%8A%A4%ED%83%A0%EB%A6%AC-%ED%80%9C%EC%B2%98-%ED%85%80%EB%B8%94%EB%9F%AC-887ml-%EB%A1%9C%EC%A6%88%EC%BF%BC%EC%B8%A0-1oe1pbq3prfx/
2025-12-22,[새상품]스탠리퀜처h2.0텀블러40oz로즈쿼츠,"선물 받았는데 한번도 쓰지 않아 판매합니다.
신대방역 근처에서 거래 가능합니다!

스탠리 퀜처 H2.0 텀블러 40oz 로즈쿼츠
- 스테인리스 스틸 소재로 내구성이 뛰어나고 오래 사용할 수 있습니다
- 진공 단열 기술로 보온/보냉 효과가 뛰어나요
- 아이스 보관 시 최대 2일까지 시원하게 유지됩니다
- 넉넉한 용량으로 물이나 음료를 충분히 담을 수 있어요",4,5,156,25000,38.0,자몽,판매완료,3,서울시 관악구 신림동,https://www.daangn.com/kr/buy-sell/%EC%83%88%EC%83%81%ED%92%88-%EC%8A%A4%ED%83%A0%EB%A6%AC-%ED%80%9C%EC%B2%98-h2-0-%ED%85%80%EB%B8%94%EB%9F%AC-40oz-%EB%A1%9C%EC%A6%88%EC%BF%BC%EC%B8%A0-a6eto93eu79r/
2026-03-05,스탠리퀜처h2.0텀블러1.18l새상품로즈쿼츠새제품,"스탠리 퀜처 H2.0 플로우스테이트 텀블러 40oz (1.18L) 로즈쿼츠 색상 새 제품입니다

- 스테인리스 스틸 소재로 내구성이 뛰어나고, 진공 단열 기능으로 보온/보냉 효과가 좋습니다
- 식기세척기 사용이 가능하여 세척이 용이합니다
- BPA-free 제품이라 안심하고 사용할 수 있습니다

사진 찍어야해서 개봉했구요
새상품이에요
박스에 검정 오염 있고.사진참조 하시구요

만나서.거래와 난곡사거리 다이소
신림사거리.롯데리아서.거래가능
오후.6시반.이후로만.거래 가능 합니다",2,31,321,32000,51.4,요마리,판매완료,9,서울시 관악구 신림동,https://www.daangn.com/kr/buy-sell/%EC%8A%A4%ED%83%A0%EB%A6%AC-%ED%80%9C%EC%B2%98-h2-0-%ED%85%80%EB%B8%94%EB%9F%AC-1-18l-%EC%83%88%EC%83%81%ED%92%88-%EB%A1%9C%EC%A6%88%EC%BF%BC%EC%B8%A0-%EC%83%88%EC%A0%9C%ED%92%88-eeoo29nw1475/
2026-02-26,스탠리퀜처프로투어텀블러887ml미개봉로즈쿼츠,"스탠리 퀜처 프로투어 텀블러 887ml 새상품입니다
- 9시간 냉온 유지
- 40시간 냉기 유지
언제든 시원하고 따뜻하게 음료를 즐길 수 있습니다

로즈쿼츠 색상",3,14,193,37000,52.4,Su01,판매완료,1,서울시 관악구 신림동,https://www.daangn.com/kr/buy-sell/%EC%8A%A4%ED%83%A0%EB%A6%AC-%ED%80%9C%EC%B2%98-%ED%94%84%EB%A1%9C%ED%88%AC%EC%96%B4-%ED%85%80%EB%B8%94%EB%9F%AC-887ml-%EB%AF%B8%EA%B0%9C%EB%B4%89-%EB%A1%9C%EC%A6%88%EC%BF%BC%EC%B8%A0-gnbuan7uxcau/
2025-11-22,스탠리퀜처h2.0로즈쿼츠1.18l텀블러,"빨대 없음 ㅠㅠ
두번 쓰고 팝니다",5,18,984,16000,41.8,앙순이엄마,판매완료,2,서울시 관악구 신림동,https://www.daangn.com/kr/buy-sell/%EC%8A%A4%ED%83%A0%EB%A6%AC-%ED%80%9C%EC%B2%98-h2-0-%EB%A1%9C%EC%A6%88%EC%BF%BC%EC%B8%A0-1-18l-%ED%85%80%EB%B8%94%EB%9F%AC-xoxxwfi2ahdr/
2025-07-03,스탠리퀜처h2.0로즈쿼츠887ml(새상품),"스탠리 퀜처 H2.0 텀블러 로즈쿼츠 색상 새상품입니다

- 887ml 용량
- 보온 5시간, 보냉 9시간, 얼음 40시간 지속
- 18/8 스테인리스 스틸 재질
- 빨대 포함
- 차량 컵홀더에 딱 맞는 사이즈

선물받았는데, 텀블러가 많아서 내놓아요~ 박스도 그대로 있어요",4,14,305,36000,41.1,니케,판매완료,2,서울시 관악구 신림동,https://www.daangn.com/kr/buy-sell/%EC%8A%A4%ED%83%A0%EB%A6%AC-%ED%80%9C%EC%B2%98-h2-0-%EB%A1%9C%EC%A6%88%EC%BF%BC%EC%B8%A0-887ml-%EC%83%88%EC%83%81%ED%92%88-vtvmhc2oru7z/
2025-07-01,스탠리퀜처로즈쿼츠텀블러1.18l팝니다,"스탠리 퀜처 2.0 텀블러 로즈쿼츠 1.18L 팝니다

빨대부분에 고양이가 물어서 자국이 좀 있습니다.

빨대값 빼서 3만원에 판매합니다. 빨대안드리는건 아님. 심리적으로 싫으실까봐..
식기세척기로 다 세척한거라 살균되었고 깨끗해요

밑부분 살짝 까짐있어요




**네고 읽씹해요**

",1,5,921,30000,38.2,SDJ,판매완료,3,서울시 관악구 신림동,https://www.daangn.com/kr/buy-sell/%EC%8A%A4%ED%83%A0%EB%A6%AC-%ED%80%9C%EC%B2%98-%EB%A1%9C%EC%A6%88%EC%BF%BC%EC%B8%A0-%ED%85%80%EB%B8%94%EB%9F%AC-1-18l-%ED%8C%9D%EB%8B%88%EB%8B%A4-g9urda8hfdvt/
2024-11-17,스탠리퀜처플로우텀블러로즈쿼츠887ml미사용새상품,"그냥 확인차 방금 한번 꺼내본게 다입니다
미사용 새제품
로즈쿼츠 핑크색


직거래 신대방역",4,8,292,38000,50.9,프루티,판매완료,5,서울시 관악구 신림동,https://www.daangn.com/kr/buy-sell/%EC%8A%A4%ED%83%A0%EB%A6%AC-%ED%80%9C%EC%B2%98-%ED%94%8C%EB%A1%9C%EC%9A%B0-%ED%85%80%EB%B8%94%EB%9F%AC-%EB%A1%9C%EC%A6%88%EC%BF%BC%EC%B8%A0-887ml-%EB%AF%B8%EC%82%AC%EC%9A%A9-%EC%83%88%EC%83%81%ED%92%88-d2qj216ksuad/
2024-11-08,스탠리퀜처(887ml)로즈쿼츠스월-새상품,"스탠리 퀜처 (887ml) 로즈쿼츠스월-새상품

카톡 선물 미수령상태입니다.
구매하시면 구매자 배송지로 바로 발송가능!",2,3,205,39000,39.7,키키,판매완료,4,서울시 관악구 신림동,https://www.daangn.com/kr/buy-sell/%EC%8A%A4%ED%83%A0%EB%A6%AC-%ED%80%9C%EC%B2%98-887ml-%EB%A1%9C%EC%A6%88%EC%BF%BC%EC%B8%A0%EC%8A%A4%EC%9B%94-%EC%83%88%EC%83%81%ED%92%88-6sj5w6v7fjcg/
2026-03-31,"(새제품)스탠리퀜처h2.0플로우스테이트텀블러591ml,로즈쿼츠2.0","스탠리 퀜처 H2.0 플로우 스테이트 텀블러 591ml, 로즈쿼츠 2.0

887ml 제품을 선물 받아
591ml 제품은 판매하게 되었어요 :)

미사용 새제품이며
박스는 없고 887ml 박스에 넣어서 보내드립니다
택배거래가능 :)",2,7,93,38000,37.0,젤리,판매중,3,경기 양주시 백석읍,https://www.daangn.com/kr/buy-sell/%EC%83%88%EC%A0%9C%ED%92%88-%EC%8A%A4%ED%83%A0%EB%A6%AC-%ED%80%9C%EC%B2%98-h2-0-%ED%94%8C%EB%A1%9C%EC%9A%B0-%EC%8A%A4%ED%85%8C%EC%9D%B4%ED%8A%B8-%ED%85%80%EB%B8%94%EB%9F%AC-591ml-%EB%A1%9C%EC%A6%88%EC%BF%BC%EC%B8%A0-2-0-vfrzu7wj9cf7/
2026-05-28,스탠리퀜처h2.0텀블러887ml로즈쿼츠,"스탠리 퀜처 H2.0 텀블러 887ml 로즈쿼츠 색상이에요
6개월 사용 

3년전에 미국 직구 했는데 
다른 색상만 쓰고 핑크는 손이 안가서 처분해요
(빨대 없습니다)

💚원하는 날짜 시간 보내주세요(기재 안할시 답장x)💚
네고x,택배x, 직거래 장소 광나루역 3출",5,29,570,15000,44.1,영히,판매중,5,서울시 광진구 광장동,https://www.daangn.com/kr/buy-sell/%EC%8A%A4%ED%83%A0%EB%A6%AC-%ED%80%9C%EC%B2%98-h2-0-%ED%85%80%EB%B8%94%EB%9F%AC-887ml-%EB%A1%9C%EC%A6%88%EC%BF%BC%EC%B8%A0-ws9ig88yzkd1/
2026-02-25,스탠리퀜처h2.0텀블러로즈쿼츠1.18l,"스탠리 퀜처 H2.0 플로우스테이트 텀블러 1.18L 로즈쿼츠 색상입니다
박스 포함 풀박이고 따로구매한 악세서리들도 드릴게요~!

구매하고 세척해놓고 제가 체구가 작어 한번도사용못했어요!!ㅠㅠ 싸게처분합니다.

2,3,4번 실사입니다.

뛰어난 보온/보냉 효과를 자랑합니다
- 진공 단열 기능으로 음료를 오랫동안 시원하거나 따뜻하게 유지할 수 있습니다
- 인체에 무해한 BPA-free 소재로 안심하고 사용할 수 있습니다",0,2,72,42000,56.4,떡볶이조아,판매중,4,서울시 광진구 광장동,https://www.daangn.com/kr/buy-sell/%EC%8A%A4%ED%83%A0%EB%A6%AC-%ED%80%9C%EC%B2%98-h2-0-%ED%85%80%EB%B8%94%EB%9F%AC-%EB%A1%9C%EC%A6%88%EC%BF%BC%EC%B8%A0-1-18l-htq1cv6vnohs/
2025-04-22,[새상품]스탠리퀜처텀블러887ml로즈쿼츠,"미개봉 새상품 스탠리 텀블러입니다.
가장 인기있는 로즈쿼츠 색상 플립스트로 이고, 정가보다 훨씬 저렴하게 득템하세요!",1,2,39,40000,39.1,눙눙,판매완료,1,서울시 광진구 광장동,https://www.daangn.com/kr/buy-sell/%EC%83%88%EC%83%81%ED%92%88-%EC%8A%A4%ED%83%A0%EB%A6%AC-%ED%80%9C%EC%B2%98-%ED%85%80%EB%B8%94%EB%9F%AC-887ml-%EB%A1%9C%EC%A6%88%EC%BF%BC%EC%B8%A0-chgagjzmgdj9/
2025-08-29,스탠리퀜처h2.0텀블러로즈쿼츠(새상품),"스탠리 H2.0 플로우 스테이트 퀜처 텀블러, 로즈 쿼츠 색상입니다

- 용량: 591ml
- 재질: PP, PCT, 고무제 (실리콘 수지), 스테인리스제
- 보온 4시간, 보냉 8시간, 아이스 30시간

박스 같이 드려요~",1,3,163,29000,46.4,하트,판매완료,4,광주 남구 진월동,https://www.daangn.com/kr/buy-sell/%EC%8A%A4%ED%83%A0%EB%A6%AC-%ED%80%9C%EC%B2%98-h2-0-%ED%85%80%EB%B8%94%EB%9F%AC-%EB%A1%9C%EC%A6%88%EC%BF%BC%EC%B8%A0-%EC%83%88%EC%83%81%ED%92%88-fvuoybnhxeff/
2025-12-24,스탠리퀜처텀블러887ml로즈쿼츠새상품,"스탠리 퀜처 프로투어 플립 스트로 텀블러 887ml 로즈 쿼츠 색상 판매합니다 !

선물 받았는데 기존에 사용하는 텀블러가 있어 포장도 안 뜯은채로 보관중입니다 궁금하신 점 있으면 편하게 연락주세용 ◡̈",1,2,76,41000,37.6,묭묭,판매완료,1,대구 서구 평리5동,https://www.daangn.com/kr/buy-sell/%EC%8A%A4%ED%83%A0%EB%A6%AC-%ED%80%9C%EC%B2%98-%ED%85%80%EB%B8%94%EB%9F%AC-887ml-%EB%A1%9C%EC%A6%88%EC%BF%BC%EC%B8%A0-%EC%83%88%EC%83%81%ED%92%88-fup8spc1w661/
2025-08-27,스탠리퀜처플로우스테이트텀블러로즈쿼츠2.0591ml,"스탠리 텀블러 로즈쿼츠
사고 몇번안썼고 흠집하나없어요!! 싸게팔아요!!! 구매하시면 빨대마개도 드려요☺️☺️",1,2,80,35000,37.9,ju,판매완료,4,대구 서구 평리5동,https://www.daangn.com/kr/buy-sell/%EC%8A%A4%ED%83%A0%EB%A6%AC-%ED%80%9C%EC%B2%98-%ED%94%8C%EB%A1%9C%EC%9A%B0%EC%8A%A4%ED%85%8C%EC%9D%B4%ED%8A%B8-%ED%85%80%EB%B8%94%EB%9F%AC-%EB%A1%9C%EC%A6%88%EC%BF%BC%EC%B8%A0-2-0-591ml-je4762vaird4/
2026-05-09,스탠리텀블러로즈쿼츠591ml,"스탠리 퀜처 H2.0 텀블러 로즈쿼츠 색상
591ml 용량, 미사용, 박스 있어요",3,17,633,30000,40.9,nectarousb,판매완료,3,제주 제주시 용담2동,https://www.daangn.com/kr/buy-sell/%EC%8A%A4%ED%83%A0%EB%A6%AC-%ED%85%80%EB%B8%94%EB%9F%AC-%EB%A1%9C%EC%A6%88%EC%BF%BC%EC%B8%A0-591ml-mizscatdk564/
2024-10-02,🩷스탠리퀜처로즈쿼츠1.18l텀블러🩷,"스탠리 퀜처 로즈쿼츠 1.18L 텀블러입니다!
실제로 보면 은은한 핑크라 너무너무 예뻐요🤍
빨대는 단 한번도 사용하지 않고 잘 보관해두었습니다.

6개월정도 사용하였고,
사용감은 사진 자세히 찍어두었으니 사진 참고 바랍니다. 깨끗하게 세척 후 보관중입니다 

최대한 싸게 내놓은거라 네고는 정중히 거절합니다🙇‍♀️

시민공원 삼정그린코아더베스트 아파트에서 직거래합니다.
택배비 부담하시면 택배 or gs반택도 가능해요!

중고거래 특성 상 교환, 환불 불가하니 신중한 거래 부탁드립니다.

연락주세요😊",3,8,446,23000,47.8,도로시,판매완료,8,부산 부산진구 부암동,https://www.daangn.com/kr/buy-sell/%EC%8A%A4%ED%83%A0%EB%A6%AC-%ED%80%9C%EC%B2%98-%EB%A1%9C%EC%A6%88%EC%BF%BC%EC%B8%A0-1-18l-%ED%85%80%EB%B8%94%EB%9F%AC-utwzo4acswbe/
2026-04-20,스탠리퀜처h2.0텀블러1.18l로즈쿼츠,"스탠리 퀜처 H2.0 텀블러 8로즈쿼츠 색상이에요
사진에서 보이는 것처럼 구성품 모두 갖춰져 있어요
매력적인 로즈쿼츠 색상으로 어디에나 잘 어울려요
데일리로 사용하기 좋은 텀블러랍니다
빨대는 사용흔적있어서 따로 구매 추천드립니다!",0,1,68,50000,41.7,삐양,판매중,3,서울시 동대문구 답십리제1동,https://www.daangn.com/kr/buy-sell/%EC%8A%A4%ED%83%A0%EB%A6%AC-%ED%80%9C%EC%B2%98-h2-0-%ED%85%80%EB%B8%94%EB%9F%AC-1-18l-%EB%A1%9C%EC%A6%88%EC%BF%BC%EC%B8%A0-tkzmyzqwme2v/
2026-05-07,스탠리퀜처프로투어887ml로즈쿼츠색상판매합니다,"스탠리 퀜처 프로투어 887ml 판매합니다.
흠집 없습니다.
희망하시는 분 연락주세요.
거래는 직접거래만 하고 있습니다.",0,0,34,43000,45.3,가넷,판매중,2,경기 성남시 분당구 이매동,https://www.daangn.com/kr/buy-sell/%EC%8A%A4%ED%83%A0%EB%A6%AC-%ED%80%9C%EC%B2%98-%ED%94%84%EB%A1%9C%ED%88%AC%EC%96%B4-887ml-%EB%A1%9C%EC%A6%88%EC%BF%BC%EC%B8%A0%EC%83%89%EC%83%81-%ED%8C%90%EB%A7%A4%ED%95%A9%EB%8B%88%EB%8B%A4-oukha5yew37x/
2024-10-23,스탠리퀜처텀블러887ml로즈쿼츠새상품,"스탠리 퀜처 텀블러 887ml 로즈쿼츠(연핑크) 새상품 판매합니다. 
선물받았는데 사용하지 않아 판매해요.
열어서 제품 확인만 해봤습니다.",1,1,152,39000,45.9,토마스윤,판매완료,4,경기 성남시 분당구 이매동,https://www.daangn.com/kr/buy-sell/%EC%8A%A4%ED%83%A0%EB%A6%AC-%ED%80%9C%EC%B2%98-%ED%85%80%EB%B8%94%EB%9F%AC-887ml-%EB%A1%9C%EC%A6%88%EC%BF%BC%EC%B8%A0-%EC%83%88%EC%83%81%ED%92%88-2gd97s4bccyz/
2026-02-10,스탠리퀜처h2.0텀블러로즈쿼츠1.18l(미개봉새상품),"스탠리 퀜처 H2.0 텀블러 미개봉 새상품

- 용량: 1.18L
- 색상: 로즈 쿼츠
- 구매가 :62,000원-------->판매가  :40,000원

필요 하신 분 얼른 가져가 주세용!!!

""이중벽 진공 단열로 보온/보냉 효과가 뛰어나며 식기세척기 사용이 가능해서 세척도 간편하고, 재사용 가능한 빨대가 포함되어 있어 편리합니다.""
라고 ai가 요약해주네요^^ 

사우나, 한자리에 오래 앉아 계시는 분 적극 추천!

-대면 가능:에코델타 강서자이
-비대면 가능
-바로구매 누르시면 택배도 가능합니다(제 주소는 입력해뒀어용)
-당근페이.계좌이체 모두가능

네이버 스탠리 스토어 구입. 환불 불가 합니다.",1,9,121,40000,63.8,이거사세요,판매완료,5,부산 강서구 강동동,https://www.daangn.com/kr/buy-sell/%EC%8A%A4%ED%83%A0%EB%A6%AC-%ED%80%9C%EC%B2%98-h2-0-%ED%85%80%EB%B8%94%EB%9F%AC-%EB%A1%9C%EC%A6%88%EC%BF%BC%EC%B8%A0-1-18l-%EB%AF%B8%EA%B0%9C%EB%B4%89-%EC%83%88%EC%83%81%ED%92%88-d7eb6i1qpwpb/
2025-09-19,정품스탠리퀜처텀블러887ml로즈쿼츠팝니다,"정품 스탠리 퀜처 H2.0 플로우스테이트 텀블러 팝니다

색상은 은은한 핑크색이며, 용량은 887ml입니다

주로 물만 담아 마셔서 깨끗힙니다

빨대는 미사용했습니다

택배시 5천원추가됩니다

깨끗하나 그래도 사용했던 제품임을 감안하시고 연락주세요

반품은 불가하니 신중히 생각하시고 연락부탁드립니다",1,8,188,24000,50.7,사랑스런그녀,판매완료,5,서울시 중구 명동2가,https://www.daangn.com/kr/buy-sell/%EC%A0%95%ED%92%88-%EC%8A%A4%ED%83%A0%EB%A6%AC-%ED%80%9C%EC%B2%98-%ED%85%80%EB%B8%94%EB%9F%AC-887ml-%EB%A1%9C%EC%A6%88%EC%BF%BC%EC%B8%A0-%ED%8C%9D%EB%8B%88%EB%8B%A4-umc5wqq12uon/
2025-06-10,[미사용]스탠리퀜처h2.0텀블러591ml(로즈쿼츠),"스탠리 퀜처 H2.0 텀블러입니다.
591ml(20oz) 용량이고, 연핑크계열의 로즈쿼츠 색상입니다. 

세척 및 사용을 일체 안하고 박스만 열어본 새상품 입니다.

공홈 기준 원가는 44000원입니다.
https://m.brand.naver.com/stanley_korea/products/10118870118",1,5,147,34000,37.4,낙타,판매완료,3,서울시 성북구 돈암제2동,https://www.daangn.com/kr/buy-sell/%EB%AF%B8%EC%82%AC%EC%9A%A9-%EC%8A%A4%ED%83%A0%EB%A6%AC-%ED%80%9C%EC%B2%98-h2-0-%ED%85%80%EB%B8%94%EB%9F%AC-591ml-%EB%A1%9C%EC%A6%88%EC%BF%BC%EC%B8%A0-3nnihh7vx41w/
2026-05-23,새상품)스탠리퀜처h2.0텀블러591ml로즈쿼츠,"여기저기 선물 받은 텀블러가 많아서 팔아요~ 

✔스탠리 퀜처 H2.0 텀블러 591ml 
✔ 색상: 로즈쿼츠 (파스텔 분홍색)
✔ 박스와 설명서, 빨대까지 모두 포함
✔단순개봉 새상품 
✔ 박스는 살짝 찢어짐

★ 이외에 887ml 파스텔 하늘색/ 887ml도 있어요  ~ (사진 첨부)",0,13,137,32000,49.4,b2yk,판매중,9,경기 고양시 일산서구 주엽동,https://www.daangn.com/kr/buy-sell/%EC%83%88%EC%83%81%ED%92%88-%EC%8A%A4%ED%83%A0%EB%A6%AC-%ED%80%9C%EC%B2%98-h2-0-%ED%85%80%EB%B8%94%EB%9F%AC-591ml-%EB%A1%9C%EC%A6%88%EC%BF%BC%EC%B8%A0-8pzoojhctg6k/
2024-06-18,"스탠리퀜처h2.0텀블러,로즈쿼츠,1.18l미개봉",미개봉 새상품 입니다,1,4,171,46000,48.3,연산미니멀,판매완료,3,부산 연제구 연산제5동,https://www.daangn.com/kr/buy-sell/%EC%8A%A4%ED%83%A0%EB%A6%AC-%ED%80%9C%EC%B2%98-h2-0-%ED%85%80%EB%B8%94%EB%9F%AC-%EB%A1%9C%EC%A6%88%EC%BF%BC%EC%B8%A0-1-18l-%EB%AF%B8%EA%B0%9C%EB%B4%89-qgdd77o126an/
2025-12-23,스탠리퀜처h2.0텀블러로즈쿼츠887ml,"스탠리 퀜처 H2.0 플로우스테이트 텀블러입니다
- 색상은 로즈쿼츠입니다
- 용량은 887ml입니다

포장을 뜯지 않은 채로 배송온 그대로 상태입니다 새것!",1,12,273,40000,39.8,부산남구임,판매중,1,부산 부산진구 부전제1동,https://www.daangn.com/kr/buy-sell/%EC%8A%A4%ED%83%A0%EB%A6%AC-%ED%80%9C%EC%B2%98-h2-0-%ED%85%80%EB%B8%94%EB%9F%AC-%EB%A1%9C%EC%A6%88%EC%BF%BC%EC%B8%A0-887ml-jyia38zg8ona/
2025-04-29,스탠리퀜처텀블러로즈쿼츠887,"스탠리 어드벤처 퀜처 텀블러 로즈쿼츠 이에요~

산지 반년정도 됐는데 사용한건 몇번안되요
고장난거 없고 빨대없어서 싸게팔아요


- 887용량
- 스테인리스 스틸 재질
- 보온 7시간, 보냉 11시간, 얼음은 2일까지 유지!
- 정가는 59,000원입니다

전포초 직거래
비대면 가능합니다",2,10,346,30000,47.1,뭉치,판매완료,2,부산 부산진구 부전제1동,https://www.daangn.com/kr/buy-sell/%EC%8A%A4%ED%83%A0%EB%A6%AC-%ED%80%9C%EC%B2%98-%ED%85%80%EB%B8%94%EB%9F%AC-%EB%A1%9C%EC%A6%88%EC%BF%BC%EC%B8%A0-887-797rvvxz5dj8/
2026-01-21,스탠리퀜처h2.0로즈쿼츠스월887ml한정판,"스탠리 퀜처 H2.0 플로우 스테이트 텀블러 887ml
거의 쓰지 않았으나 사진속 기스 아주 희미하게 있습니다",1,9,290,37000,42.6,ssbelsl,판매완료,2,전북 군산시 미장동,https://www.daangn.com/kr/buy-sell/%EC%8A%A4%ED%83%A0%EB%A6%AC-%ED%80%9C%EC%B2%98-h2-0-%EB%A1%9C%EC%A6%88-%EC%BF%BC%EC%B8%A0-%EC%8A%A4%EC%9B%94-887ml-%ED%95%9C%EC%A0%95%ED%8C%90-3i5fhjcqjn5s/
2026-03-19,스탠리퀜처h2.0텀블러591ml로즈쿼츠새상품,"스탠리 퀜처 H2.0 텀블러 새상품입니다!
- 용량: 591ml (20oz)
- 색상: 로즈쿼츠

이 텀블러는 뛰어난 보온/보냉 효과를 자랑합니다
- 보온: 4시간
- 보냉: 30시간
언제 어디서든 음료를 시원하거나 따뜻하게 즐길 수 있습니다",1,4,124,30000,66.3,쏭스12,판매완료,1,광주 광산구 장덕동,https://www.daangn.com/kr/buy-sell/%EC%8A%A4%ED%83%A0%EB%A6%AC-%ED%80%9C%EC%B2%98-h2-0-%ED%85%80%EB%B8%94%EB%9F%AC-591ml-%EB%A1%9C%EC%A6%88%EC%BF%BC%EC%B8%A0-%EC%83%88%EC%83%81%ED%92%88-3vkjjv6bfvec/
2026-02-16,스탠리퀜처h2.0텀블러887ml로즈쿼츠,"스탠리 퀜처 H2.0 텀블러 887ml 로즈쿼츠 색상입니다
- 30oz (887ml) 용량입니다
- BPA Free 제품이라 안심하고 사용할 수 있습니다
- 식기세척기 사용도 가능합니다
뛰어난 보온/보냉력으로 오랫동안 음료를 시원하거나 따뜻하게 유지해 줍니다

사용감 있고
빨대 없습니다 
쿨거래 하실분만 연락주세요

×××교환 환불 네고 ×××××
",2,8,223,15000,70.4,당근단근,판매완료,3,광주 광산구 장덕동,https://www.daangn.com/kr/buy-sell/%EC%8A%A4%ED%83%A0%EB%A6%AC-%ED%80%9C%EC%B2%98-h2-0-%ED%85%80%EB%B8%94%EB%9F%AC-887ml-%EB%A1%9C%EC%A6%88%EC%BF%BC%EC%B8%A0-9rpn6vh46ejz/
2025-06-03,⭐️⭐️스탠리퀜처텀블러로즈쿼츠팔아요!!,"스탠리 퀜처 H2.0 플로우스테이트 텀블러 로즈쿼츠 2.0입니다!!⭐️⭐️

- 887ml 용량
- 스테인리스 스틸 재질
- 보온 7시간, 보냉 11시간, 얼음 2일까지 유지
- 자동차 컵홀더에 딱 맞는 사이즈
- 손잡이와 빨대 포함

선물 받았는데, 이미 있는 색상이라 팔아요!!
색 확인한다고 포장지 한 번 연게 끝이에용 그 외엔 다 새거입니다!!
원가: 48,000원
팔가: 35,000원

에눌가능하니 편하게 연락주세요😆👏🏻👏🏻",7,5,250,33000,37.3,귤공주,판매완료,4,경북 포항시 북구 양덕동,https://www.daangn.com/kr/buy-sell/%EC%8A%A4%ED%83%A0%EB%A6%AC-%ED%80%9C%EC%B2%98-%ED%85%80%EB%B8%94%EB%9F%AC-%EB%A1%9C%EC%A6%88%EC%BF%BC%EC%B8%A0-%ED%8C%94%EC%95%84%EC%9A%94-87iixxi1apbx/
2026-05-18,스탠리로즈쿼츠부케퀜처프로투어텀블러,"쿠팡구매 새상품 한정판 스탠리 퀜처 프로투어 플립 로즈쿼츠 부케 591ml 입니다.

박스 구성품 그대로 있어요
꽃무늬 디자인이 사랑스러운 텀블러로 선물하기에도 좋아요

당정초.한세대.산본중심상가.군포시청쪽 직거래 가능합니다.

반값택배시 +3,000
일반택배시 +4,500

구매하실분만 쳇 주세요!",0,0,4,48000,39.1,소도맘,판매완료,4,경기 군포시 산본동,https://www.daangn.com/kr/buy-sell/%EC%8A%A4%ED%83%A0%EB%A6%AC-%EB%A1%9C%EC%A6%88%EC%BF%BC%EC%B8%A0-%EB%B6%80%EC%BC%80-%ED%80%9C%EC%B2%98-%ED%94%84%EB%A1%9C%ED%88%AC%EC%96%B4-%ED%85%80%EB%B8%94%EB%9F%AC-qk3mw3z5jvpt/
2026-01-03,스탠리퀜처프로투어텀블러로즈쿼츠새상품,"스탠리 퀜처 프로투어 텀블러 887ml 로즈쿼츠 색상 새상품입니다!
- 뛰어난 보온/보냉 효과로 장시간 음료를 시원하거나 따뜻하게 유지해 줍니다
- 텀블러는 휴대성이 좋아 언제 어디서든 편리하게 사용할 수 있습니다.

선물로 받고 실물 사진 찍기 위해 박스를 열어보기만한 새상품 입니다.",1,5,65,40000,40.4,유긍정,판매완료,4,경기 군포시 산본동,https://www.daangn.com/kr/buy-sell/%EC%8A%A4%ED%83%A0%EB%A6%AC-%ED%80%9C%EC%B2%98-%ED%94%84%EB%A1%9C%ED%88%AC%EC%96%B4-%ED%85%80%EB%B8%94%EB%9F%AC-%EB%A1%9C%EC%A6%88%EC%BF%BC%EC%B8%A0-%EC%83%88%EC%83%81%ED%92%88-4e1r32ux85nc/
2026-02-22,스탠리[스탠리공식유통사]퀜처h2.0플로우스테이트텀블러1.18l미사용풀박스로즈쿼츠글로우,"생일 선물로 받았는데, 생각보다 사이즈가 커서 사용하지 못해 내놓습니다.
새상품 미사용 제품이며, 개봉은 했지만 사용은 전혀 하지 않았습니다.
✔ 1.18L 대용량으로 하루 종일 시원하거나 따뜻하게 유지 가능
✔ 뛰어난 보온/보냉 효과
✔ 손잡이 있어 휴대 편리
✔ 스탠리 정품 제품 (안심하고 구매하세요)
✔ 정가 64,000원
필요하신 분이 예쁘게 사용하셨으면 좋겠습니다 🙂",1,0,37,40000,46.3,당근토끼,판매완료,5,경남 양산시 양주동,https://www.daangn.com/kr/buy-sell/%EC%8A%A4%ED%83%A0%EB%A6%AC-%EC%8A%A4%ED%83%A0%EB%A6%AC%EA%B3%B5%EC%8B%9D%EC%9C%A0%ED%86%B5%EC%82%AC-%ED%80%9C%EC%B2%98-h2-0-%ED%94%8C%EB%A1%9C%EC%9A%B0%EC%8A%A4%ED%85%8C%EC%9D%B4%ED%8A%B8-%ED%85%80%EB%B8%94%EB%9F%AC-1-18l-%EB%AF%B8%EC%82%AC%EC%9A%A9-%ED%92%80%EB%B0%95%EC%8A%A4-%EB%A1%9C%EC%A6%88%EC%BF%BC%EC%B8%A0%EA%B8%80%EB%A1%9C%EC%9A%B0-yjbhz1a4w3qb/
2026-02-11,[미개봉새상품]스탠리퀜처h2.0텀블러1.18l로즈쿼츠새상품,"선물 받았는데 똑같은 텀블러가 있어 판매합니다.
스탠리 퀜처 H2.0 텀블러 40oz (1.18L) 새상품이고 
색상은 로즈쿼츠입니다
사진은 제 텀블러로 찍었고 판매상품은 미개봉 상태입니다.

원가 64,000
판매가 38,000",3,7,133,36000,36.5,뇸뇸,판매완료,2,서울시 은평구 녹번동,https://www.daangn.com/kr/buy-sell/%EB%AF%B8%EA%B0%9C%EB%B4%89-%EC%83%88%EC%83%81%ED%92%88-%EC%8A%A4%ED%83%A0%EB%A6%AC-%ED%80%9C%EC%B2%98-h2-0-%ED%85%80%EB%B8%94%EB%9F%AC-1-18l-%EB%A1%9C%EC%A6%88%EC%BF%BC%EC%B8%A0-%EC%83%88%EC%83%81%ED%92%88-m3u4iesivnjh/
2025-11-28,스탠리퀜처h2.0텀블러887ml로즈쿼츠미개봉,"스탠리 퀜처 H2.0 텀블러 887ml 로즈쿼츠 색상입니다!
박스까지 있는 완전 새상품 입니다.",5,16,289,30000,39.9,이른아침,판매완료,3,서울시 은평구 녹번동,https://www.daangn.com/kr/buy-sell/%EC%8A%A4%ED%83%A0%EB%A6%AC-%ED%80%9C%EC%B2%98-h2-0-%ED%85%80%EB%B8%94%EB%9F%AC-887ml-%EB%A1%9C%EC%A6%88%EC%BF%BC%EC%B8%A0-%EB%AF%B8%EA%B0%9C%EB%B4%89-amf2o27n55zn/
2025-09-15,스탠리텀블러1.18대용량퀜처로즈쿼츠,"쿠팡서 59,000원 구매후 한두번 사용해
사용감 미비합니다 스트로우는 분실해서
감안해서 2만 판매합니다 상태 깨끗해요

❗️구매전 필독 사항 꼭 한번 읽어주세요 ❗️

✔️ 중고시세 검색후 가장 저렴하게 가격측정

✔️ 다짜고짜 네고 찔러보기 네고 답톡 안해요

✔️ 직거래 장소는 응암동 대림골목시장 근방

✔️ 문고리거래는 입금 확인후 상세주소 전송

✔️ 반택❌️ 로젠택배 4천원 하루면 도착이요

✔️ 중고거래상 구매후 환불,반품등은 불가요

심브로 판매자 물품들 한번 검색 해보세요 
상태 좋은 제품 저렴하게 당근 합니다~🤗",1,3,114,20000,99.0,심브로,판매완료,6,서울시 은평구 녹번동,https://www.daangn.com/kr/buy-sell/%EC%8A%A4%ED%83%A0%EB%A6%AC-%ED%85%80%EB%B8%94%EB%9F%AC-1-18-%EB%8C%80%EC%9A%A9%EB%9F%89-%ED%80%9C%EC%B2%98-%EB%A1%9C%EC%A6%88%EC%BF%BC%EC%B8%A0-6ngk9c2nbint/
2024-07-31,스탠리퀜처텀블러1.18l로즈쿼츠,"새상품입니다.

녹번동주민센터 앞에서 거래해요.",2,2,185,50000,56.2,데기,판매완료,4,서울시 은평구 녹번동,https://www.daangn.com/kr/buy-sell/%EC%8A%A4%ED%83%A0%EB%A6%AC-%ED%80%9C%EC%B2%98-%ED%85%80%EB%B8%94%EB%9F%AC-1-18l-%EB%A1%9C%EC%A6%88%EC%BF%BC%EC%B8%A0-kwqnazdfg51q/
2024-06-07,스탠리텀블러591ml로즈쿼츠색상새상품판매,"스탠리 텀블러 퀜처 H2.0 플로우스테이트 텀블러 591ml
로즈쿼츠 새상품입니다. 
미개봉, 쇼핑백 포함입니다.",3,5,476,20000,40.3,희연,판매완료,4,충남 천안시 서북구 차암동,https://www.daangn.com/kr/buy-sell/%EC%8A%A4%ED%83%A0%EB%A6%AC-%ED%85%80%EB%B8%94%EB%9F%AC-591ml-%EB%A1%9C%EC%A6%88%EC%BF%BC%EC%B8%A0-%EC%83%89%EC%83%81-%EC%83%88%EC%83%81%ED%92%88-%ED%8C%90%EB%A7%A4-tmk281aze63o/
2026-03-10,스탠리퀜처텀블러591ml로즈쿼츠,"스탠리 퀜처 텀블러 591ml 로즈쿼츠 색상입니다
스테인리스 스틸 재질로 견고하고 오래 사용할 수 있어요
- 뛰어난 보온/보냉 기능으로 음료를 오랫동안 시원하거나 따뜻하게 유지해 줍니다
- BPA-free 소재로 안심하고 사용할 수 있어요
- 식기세척기 사용이 가능해서 세척도 간편합니다",1,13,337,20000,61.9,날라다니는짱구,판매완료,5,경기 고양시 덕양구 향동동,https://www.daangn.com/kr/buy-sell/%EC%8A%A4%ED%83%A0%EB%A6%AC-%ED%80%9C%EC%B2%98-%ED%85%80%EB%B8%94%EB%9F%AC-591ml-%EB%A1%9C%EC%A6%88%EC%BF%BC%EC%B8%A0-yyed77i1h9ej/
2026-02-21,스탠리887ml로즈쿼츠퀜처h2.0텀블러,"스탠리 887ml 로즈쿼츠 퀜처 H2.0 텀블러
💡정품 빨대포함(초기구성품)

2번?? 경 사용 후 깨끗세척해
사용감 없고 새것 같아요
(크게 담아 마실 일이 별로 없어서 개봉했으니 싸게 드려요)

하단 종이 바코드는 세척시 물에 닿아
조금 벗겨진 거고요~

추가한 실리콘 팁은 제외입니당

쿠팡에서 직접구매",1,6,208,26000,49.2,고고7,판매완료,3,경기 고양시 덕양구 향동동,https://www.daangn.com/kr/buy-sell/%EC%8A%A4%ED%83%A0%EB%A6%AC-887ml-%EB%A1%9C%EC%A6%88%EC%BF%BC%EC%B8%A0-%ED%80%9C%EC%B2%98-h2-0-%ED%85%80%EB%B8%94%EB%9F%AC-ng32z26zr6ei/
2025-03-17,스탠리퀜처텀블러로즈쿼츠색상414ml(14oz)새제품,"한번도 사용안한 새제품입니다!
개봉만 했어요! 텀블러 안에 사용설명서 그대로 다 있습니다~

414ml(14oz) 텀블러 로즈쿼츠 색상입니다.
스탠리 텀블러 중에서는 가장 작은 사이즈에요!
간단하게 들고 다니시기 좋아요~
저는 사이즈 큰걸 원해서 내놓습니다!

정품이고요. 한국에서는 나오지 않은 제품입니다!
제가 산것보다 만원 싸게 올려요!",2,0,289,40000,38.1,연유링,판매완료,2,충북 충주시 교현2동,https://www.daangn.com/kr/buy-sell/%EC%8A%A4%ED%83%A0%EB%A6%AC-%ED%80%9C%EC%B2%98-%ED%85%80%EB%B8%94%EB%9F%AC-%EB%A1%9C%EC%A6%88%EC%BF%BC%EC%B8%A0-%EC%83%89%EC%83%81-414ml-14oz-%EC%83%88%EC%A0%9C%ED%92%88-cdo8kewzptjw/
2026-05-29,스탠리퀜처h2.0플로우스테이트텀블러591ml로즈쿼츠,"스탠리 텀블러 로즈쿼츠 색상이에요
사진처럼 깔끔한 디자인으로 어디에나 잘 어울려요
얼음이 오래가는 보온보냉 기능으로 사계절 내내 유용하게 사용하실 수 있어요
텀블러가 많아서 잘 안쓰이네요
빨대없어여!
문고리거래해용~~",7,20,494,10000,40.8,애뿐껴리,판매완료,5,부산 연제구 연산동,https://www.daangn.com/kr/buy-sell/%EC%8A%A4%ED%83%A0%EB%A6%AC-%ED%80%9C%EC%B2%98-h2-0-%ED%94%8C%EB%A1%9C%EC%9A%B0%EC%8A%A4%ED%85%8C%EC%9D%B4%ED%8A%B8-%ED%85%80%EB%B8%94%EB%9F%AC-591ml-%EB%A1%9C%EC%A6%88%EC%BF%BC%EC%B8%A0-agvkgep4xx1b/
2025-11-10,스탠리퀜처h2.0텀블러887ml로즈쿼츠새상품,"스탠리 퀜처 H2.0 플로우스테이트 텀블러 887ml 로즈쿼츠 색상 새상품입니다
- 뛰어난 보온/보냉 효과로 장시간 음료를 시원하거나 따뜻하게 유지할 수 있습니다
- 튼튼한 내구성으로 오래 사용할 수 있습니다

포장만 뜯은 완전 새거입니다!",1,3,83,39000,37.6,항상베이킹하는친구,판매완료,3,부산 연제구 연산동,https://www.daangn.com/kr/buy-sell/%EC%8A%A4%ED%83%A0%EB%A6%AC-%ED%80%9C%EC%B2%98-h2-0-%ED%85%80%EB%B8%94%EB%9F%AC-887ml-%EB%A1%9C%EC%A6%88%EC%BF%BC%EC%B8%A0-%EC%83%88%EC%83%81%ED%92%88-3sd49ysbtxqd/
2025-05-30,스탠리퀜처텀블러591ml(로즈쿼츠)새상품(박스있음/선물용),"스탠리 퀜처 텀블러 새상품이에요

선물로받고 보관만했어요~

- 보온 7시간, 보냉 11시간, 아이스 2일까지 유지돼요
- 스테인리스 스틸 재질로 튼튼해요
- 40온스 용량입니다
“”월요일 거래가능“",5,7,231,30000,43.2,짱구고모,판매완료,3,부산 연제구 연산동,https://www.daangn.com/kr/buy-sell/%EC%8A%A4%ED%83%A0%EB%A6%AC-%ED%80%9C%EC%B2%98-%ED%85%80%EB%B8%94%EB%9F%AC-591ml-%EB%A1%9C%EC%A6%88%EC%BF%BC%EC%B8%A0-%EC%83%88%EC%83%81%ED%92%88-%EB%B0%95%EC%8A%A4%EC%9E%88%EC%9D%8C-%EC%84%A0%EB%AC%BC%EC%9A%A9-q3g7dgnwdehe/
2026-05-04,(미개봉새상품)스탠리텀블러887ml로즈쿼츠,"스탠리 퀜처 H2.0 플로우 스테이트 텀블러 887ml 로즈쿼츠 색상

미개봉 새상품, 상자도 완전 깨끗함

일반택배비 포함 가격입니다!",0,6,54,36000,37.4,냠냠잉,판매중,2,서울시 종로구 도렴동,https://www.daangn.com/kr/buy-sell/%EB%AF%B8%EA%B0%9C%EB%B4%89-%EC%83%88%EC%83%81%ED%92%88-%EC%8A%A4%ED%83%A0%EB%A6%AC-%ED%85%80%EB%B8%94%EB%9F%AC-887ml-%EB%A1%9C%EC%A6%88%EC%BF%BC%EC%B8%A0-coqaf1jg1af7/
